Task	Top-1	Top-2	Top-3	Top-4	Top-5	Top-6	Top-7	Top-8	Top-9	Top-10
CoLA	0.4103547459252157	0.15244487056567593	0.06903163950143816	0.04218600191754554	0.029721955896452542	0.027804410354745925	0.027804410354745925	0.027804410354745925	0.027804410354745925	0.027804410354745925
MNLI	0.3412124299541518	0.11278655119714723	0.03922567498726439	0.015486500254712175	0.0065206316861946	0.0026490066225165563	0.0018339276617422313	0.0014263881813550688	0.0013245033112582781	0.0013245033112582781
MRPC	0.14460784313725492	0.0392156862745098	0.0024509803921568627	0.0024509803921568627	0.0	0.0	0.0	0.0	0.0	0.0
QNLI	0.2451034230276405	0.04557935200439319	0.006955885044847154	0.0016474464579901153	0.0	0.0	0.0	0.0	0.0	0.0
QQP	0.21221864951768488	0.08570368538214197	0.02864209745238684	0.01360375958446698	0.005243630967103636	0.002325006183527084	0.00044521395003710115	9.893643334157804e-05	2.473410833539451e-05	2.473410833539451e-05
RTE	0.1624548736462094	0.04332129963898917	0.018050541516245487	0.007220216606498195	0.0	0.0	0.0	0.0	0.0	0.0
SST-2	0.3876146788990826	0.11009174311926606	0.04128440366972477	0.016055045871559634	0.009174311926605505	0.008027522935779817	0.008027522935779817	0.006880733944954129	0.006880733944954129	0.006880733944954129
STS-B	0.19133333333333333	0.07933333333333334	0.022	0.012	0.005333333333333333	0.0013333333333333333	0.0	0.0	0.0	0.0
