Task	Top-1	Top-2	Top-3	Top-4	Top-5	Top-6	Top-7	Top-8	Top-9	Top-10
CoLA	0.49760306807286675	0.21572387344199426	0.11792905081495686	0.08053691275167785	0.06999041227229147	0.06615532118887824	0.06519654841802493	0.06519654841802493	0.06519654841802493	0.06519654841802493
MNLI	0.3380539989811513	0.12154865002547122	0.03881813550687723	0.014773306164034642	0.006214977075904228	0.0033622007131940907	0.0025471217524197657	0.0022414671421293938	0.0022414671421293938	0.0022414671421293938
MRPC	0.11764705882352941	0.031862745098039214	0.012254901960784314	0.004901960784313725	0.0	0.0	0.0	0.0	0.0	0.0
QNLI	0.28775398132894014	0.06443346146805784	0.013545670876807615	0.0016474464579901153	0.0007321984257733846	0.00018304960644334616	0.0	0.0	0.0	0.0
QQP	0.21197130843433093	0.10774177590897849	0.03910462527825872	0.023200593618600048	0.00833539450902795	0.0038090526836507543	0.0012861736334405145	0.0004699480583724957	7.420232500618352e-05	0.0
RTE	0.13357400722021662	0.05054151624548736	0.010830324909747292	0.0036101083032490976	0.0	0.0	0.0	0.0	0.0	0.0
SST-2	0.3646788990825688	0.09059633027522936	0.021788990825688075	0.008027522935779817	0.0045871559633027525	0.0034403669724770644	0.0034403669724770644	0.0034403669724770644	0.0034403669724770644	0.0034403669724770644
STS-B	0.17066666666666666	0.06533333333333333	0.022	0.009333333333333334	0.002	0.0	0.0	0.0	0.0	0.0
