Task	Top-1	Top-2	Top-3	Top-4	Top-5	Top-6	Top-7	Top-8	Top-9	Top-10
CoLA	0.6816874400767018	0.6410993927772451	0.6707254713966124	0.7268045473222845	0.7831529927407205	0.821999782986111	0.8581799865081599	0.8827556842708358	0.8968484580553547	0.8976220199172287
MNLI	0.42649006622516555	0.4335031414501613	0.4596094413312956	0.4896269073090265	0.5151805222003898	0.5401520150195647	0.5645352583406807	0.5861425430330294	0.6079791865145461	0.6256487129635249
MRPC	0.2034313725490196	0.22344771241830064	0.24616013071895426	0.2676528944911298	0.2939065904139433	0.33038552542229005	0.35465350281526753	0.37473997271791387	0.3956435449082507	0.4144731698040522
QNLI	0.32747574592714623	0.3031911648056623	0.320895112575508	0.33942278357434863	0.36043448131586514	0.37926715574985753	0.3967236096423356	0.4143773305223058	0.4333893175823111	0.4514875553656426
QQP	0.4386099431115508	0.46063154423283037	0.49368579437711274	0.5271157085144222	0.5545482491784742	0.5791009802987294	0.597352244040347	0.6160904407379797	0.6349869733381176	0.6581147170064615
RTE	0.19855595667870035	0.22984356197352587	0.2637785800240674	0.2951005673027333	0.32468196664947563	0.3432225816702351	0.36357090562866734	0.38707783391898914	0.4137421272481795	0.4319531141919123
SST-2	0.5871559633027523	0.5573394495412842	0.5733180428134557	0.6006935342944516	0.6171164021164021	0.6417393979246683	0.6647237742393453	0.6884634325622697	0.7082133504598127	0.730558751924499
STS-B	0.31133333333333335	0.32655555555555554	0.3649333333333334	0.4168428571428572	0.4663407407407408	0.5079447811447811	0.5542044011544012	0.5970505383505383	0.6329271154771154	0.6648138675050439
