Task	Top-1	Top-2	Top-3	Top-4	Top-5	Top-6	Top-7	Top-8	Top-9	Top-10
CoLA	0.4103547459252157	0.43560242889101947	0.5075103867050176	0.5991896087293977	0.6914273539393385	0.762288975130772	0.8007564073353547	0.8341537499786659	0.8583787328040202	0.8627373823255268
MNLI	0.3412124299541518	0.35511971472236364	0.381662421463746	0.41200883002207506	0.44184096256943944	0.4703228743294969	0.4943597470378635	0.518078135170518	0.539558288181799	0.5602427818975283
MRPC	0.14460784313725492	0.17361111111111113	0.20465686274509803	0.232749766573296	0.26822089947089944	0.29892942025294966	0.32213990394137454	0.34714521589521585	0.3636872999005352	0.3859850865365571
QNLI	0.2451034230276405	0.23347977301848802	0.24663493806821646	0.2669142194677615	0.2894910639831013	0.31052457975851716	0.3294496816462769	0.3466797145133224	0.36528532882951914	0.3829905659584943
QQP	0.21221864951768488	0.23807815978233984	0.2770541676972545	0.31477291732918744	0.3493181630802209	0.3773161690042719	0.40311388421949884	0.4279621817570123	0.4537105410500967	0.4814910432184564
RTE	0.1624548736462094	0.22202166064981949	0.265884476534296	0.2861440605122916	0.3060454988252822	0.334803032907726	0.35590349281685024	0.3855803642807253	0.4099288126045399	0.422238375460928
SST-2	0.3876146788990826	0.3556957186544342	0.3699923547400612	0.40595511140235907	0.445658638934501	0.4752695041820473	0.5014149057401653	0.5304759839643559	0.5567928685801189	0.5864938224009784
STS-B	0.19133333333333333	0.228	0.27503333333333335	0.3141079365079365	0.36019708994708993	0.4084507455507455	0.45260830280830283	0.5027638861138861	0.5484365736115736	0.5852182629462042
