Task	Top-1	Top-2	Top-3	Top-4	Top-5	Top-6	Top-7	Top-8	Top-9	Top-10
CoLA	0.49760306807286675	0.4966442953020134	0.5662032598274208	0.6473862028032689	0.7288746594834801	0.7820654578711219	0.8212220986214794	0.8572218871040419	0.8766629142108069	0.8829726901983471
MNLI	0.3563932755985736	0.3568857191373747	0.36877398539650197	0.39258787570045856	0.41604347087790794	0.4372667692866368	0.4575782559550779	0.4797717006037594	0.5009241529653433	0.5196805334063868
MRPC	0.1323529411764706	0.13562091503267976	0.15281862745098038	0.1740021008403361	0.1956504824151883	0.21938237416178594	0.2393988908694791	0.2669691011602776	0.28768376911759264	0.3063378372796626
QNLI	0.28775398132894014	0.267069375800842	0.2787692964793459	0.29587702553106177	0.31379162562578267	0.33434826812092056	0.35040825659990954	0.3672243050743874	0.3822829999223868	0.39972077576707005
QQP	0.21197130843433093	0.23410421304311976	0.2745535493445461	0.3085948670836131	0.34676137278227315	0.37483858852829915	0.40274484481632633	0.42985063751759267	0.4575709576740771	0.48858044780729537
RTE	0.22382671480144403	0.23886883273164863	0.30276774969915765	0.31492178098676293	0.34619362787232827	0.3606898015742781	0.3963046179652677	0.40204915421521914	0.4230206560504925	0.432156555289889
SST-2	0.3646788990825688	0.33467125382262997	0.3332186544342508	0.3594910441240717	0.3891434044882321	0.4157758748092465	0.4454669225430471	0.47193151164081387	0.5033499139171657	0.5300361562180707
STS-B	0.17066666666666666	0.1948888888888889	0.23975555555555556	0.2826238095238095	0.32886164021164016	0.373306734006734	0.4111811632811633	0.44794989084989084	0.48271103156103157	0.5185873546388252
