Task	Top-1	Top-2	Top-3	Top-4	Top-5	Top-6	Top-7	Top-8	Top-9	Top-10
CoLA	0.6510067114093959	0.6019495046340684	0.6243368488334932	0.6863420535999634	0.7352972956520416	0.773906017485119	0.8135215117413259	0.8485406786753588	0.870826923892058	0.8812196647590775
MNLI	0.44982170147733064	0.45325182543725584	0.4809492273730684	0.5081025155859593	0.5336381389030395	0.55966125118443	0.5807617489250351	0.60081870561375	0.6186368475808959	0.6362481941764259
MRPC	0.2696078431372549	0.2957516339869281	0.30608660130718957	0.328828197945845	0.35199288048552757	0.38104884630619923	0.4036611400581989	0.42910340612546494	0.44994634994634997	0.4727427562905504
QNLI	0.33058758923668313	0.32207578253706753	0.33174080175727627	0.35486040288346715	0.379055057253849	0.39917183260126704	0.4175944410705531	0.43561932657209973	0.4517489247845064	0.46789815670978085
QQP	0.4057135790254761	0.43487921510429545	0.4709629812845247	0.5082179074944349	0.5366219882297053	0.5610910855846547	0.5788376204552311	0.5974123377103836	0.6149863545634923	0.6353252072308248
RTE	0.259927797833935	0.3038507821901324	0.33495788206979543	0.38121884132714456	0.38762964873073175	0.41491240408207913	0.4394535368362083	0.4465324386804531	0.4782062752730623	0.49060617392800443
SST-2	0.5722477064220184	0.5175840978593272	0.5600535168195718	0.5710790738313674	0.599498266739646	0.623886364881762	0.6490166247951715	0.6785865555632997	0.6916995380143967	0.7102724030355608
STS-B	0.2653333333333333	0.291	0.3366111111111111	0.39047301587301586	0.43831402116402113	0.48200120250120243	0.5262144614644614	0.5671720187220188	0.6069491693491693	0.6412780996780997
